strategy,train_return_pct,test_return_pct,benchmark_return_pct,edge_pct,test_max_drawdown_pct,test_sharpe,test_trades,test_score
mean-reversion-15-t8,-11.4182,53.9274,41.7035,12.2239,-13.9255,0.9986,67,45.5331
relative-strength-189-100-b60,18.2286,52.9490,41.7035,11.2455,-12.8946,1.1640,112,44.6554
relative-strength-63-150-b60,22.4009,49.3276,41.7035,7.6240,-12.1078,1.1777,119,41.4330
relative-strength-126-100-b60,51.2904,39.6606,41.7035,-2.0429,-10.6666,0.9837,124,32.2148
relative-strength-63-100-b60,-1.0288,33.8951,41.7035,-7.8085,-10.7188,0.8728,107,26.5333
relative-strength-63-100-b50,-1.8364,35.1012,41.7035,-6.6023,-12.7783,0.8073,101,26.3900
relative-strength-63-150-b50,21.5107,32.5263,41.7035,-9.1772,-15.5152,0.7988,94,22.1590
momentum-60-t6,-10.1913,25.1942,41.7035,-16.5094,-15.7058,0.7200,34,15.7453
relative-strength-126-100-b50,47.8235,17.8707,41.7035,-23.8328,-15.6146,0.5042,90,6.9297
relative-strength-126-150-b60,37.7817,17.1808,41.7035,-24.5227,-13.9771,0.5175,124,6.6507
relative-strength-189-100-b50,19.4081,10.4014,41.7035,-31.3022,-15.1499,0.3677,74,-0.1907
momentum-40-t3,3.7537,4.4444,41.7035,-37.2591,-15.4915,0.1821,52,-6.3010
mean-reversion-15-t4,-7.8286,4.4392,41.7035,-37.2644,-15.5031,0.2096,56,-6.3386
relative-strength-126-150-b50,42.1583,2.5018,41.7035,-39.2017,-15.1494,0.1716,10,-7.2020
relative-strength-189-150-b50,43.9860,1.3613,41.7035,-40.3422,-15.1672,0.1073,10,-8.4828
relative-strength-189-150-b60,54.5401,1.0760,41.7035,-40.6275,-15.4060,0.0887,50,-9.7605
ensemble-5-20-c60,6.7539,-0.8025,41.7035,-42.5060,-15.0889,0.0072,34,-11.2759
ensemble-20-50-c65,-5.1995,-1.6821,41.7035,-43.3857,-15.1889,-0.0631,12,-11.9212
ensemble-20-50-c70,-5.1995,-1.6821,41.7035,-43.3857,-15.1889,-0.0631,12,-11.9212
momentum-20-t3,2.7568,-1.7799,41.7035,-43.4834,-15.3072,-0.0318,26,-12.3132
ensemble-5-20-c70,0.8331,-1.8287,41.7035,-43.5323,-15.3493,-0.0315,26,-12.3888
momentum-20-t4,4.6207,-1.8449,41.7035,-43.5484,-15.3633,-0.0334,26,-12.4177
momentum-15-t3,0.0272,-1.9704,41.7035,-43.6739,-15.0725,-0.0628,28,-12.4530
momentum-15-t4,0.3592,-2.0825,41.7035,-43.7860,-15.1696,-0.0650,30,-12.6728
momentum-15-t6,0.9981,-2.2623,41.7035,-43.9658,-15.3253,-0.0665,22,-12.7967
momentum-15-t8,-2.5854,-2.3298,41.7035,-44.0333,-15.3838,-0.0770,18,-12.8433
momentum-20-t6,1.7065,-2.3459,41.7035,-44.0494,-15.7953,-0.0536,20,-13.1200
ensemble-5-20-c65,4.3833,-2.2592,41.7035,-43.9627,-15.6283,-0.0560,36,-13.2496
momentum-90-t3,-15.7994,-2.2704,41.7035,-43.9739,-16.9293,-0.0707,8,-13.5758
momentum-90-t4,-15.7994,-2.2704,41.7035,-43.9739,-16.9293,-0.0707,8,-13.5758
momentum-10-t8,-6.6080,-3.1046,41.7035,-44.8082,-15.1725,-0.1378,18,-13.6024
mean-reversion-20-t4,-0.0489,-2.4627,41.7035,-44.1663,-16.1028,-0.0831,34,-13.7757
ensemble-15-45-c65,1.4844,-3.3249,41.7035,-45.0285,-15.1426,-0.1467,16,-13.7809
momentum-30-t8,0.4569,-3.3156,41.7035,-45.0191,-15.2713,-0.1744,10,-13.7908
ensemble-3-10-c60,2.2176,-2.2510,41.7035,-43.9545,-15.8660,-0.0661,66,-14.0161
momentum-20-t8,1.7361,-3.1273,41.7035,-44.8308,-16.1849,-0.0886,20,-14.2247
momentum-90-t6,-15.7994,-2.7580,41.7035,-44.4615,-17.3438,-0.0914,8,-14.3742
momentum-90-t8,-15.7994,-2.7580,41.7035,-44.4615,-17.3438,-0.0914,8,-14.3742
ensemble-30-90-c70,-16.2804,-2.7580,41.7035,-44.4615,-17.3438,-0.0914,8,-14.3742
ensemble-30-90-c60,-16.2804,-2.7418,41.7035,-44.4453,-17.3300,-0.0920,10,-14.3904
ensemble-30-90-c65,-16.2804,-2.7418,41.7035,-44.4453,-17.3300,-0.0920,10,-14.3904
momentum-120-t3,-10.1959,-4.3548,41.7035,-46.0584,-15.0530,-0.1827,14,-14.7847
momentum-120-t4,-10.1959,-4.3548,41.7035,-46.0584,-15.0530,-0.1827,14,-14.7847
momentum-60-t8,-10.1913,-3.9904,41.7035,-45.6939,-15.8627,-0.1627,10,-14.8266
momentum-120-t6,-12.9789,-4.4683,41.7035,-46.1718,-15.1537,-0.1901,14,-14.9784
mean-reversion-40-t4,-11.0058,-3.9959,41.7035,-45.6995,-16.1420,-0.1585,30,-15.4053
momentum-60-t4,-10.1913,-4.2598,41.7035,-45.9634,-16.0988,-0.1977,16,-15.4395
ensemble-3-10-c70,3.4842,-4.5826,41.7035,-46.2861,-15.4531,-0.2137,30,-15.6545
ensemble-5-15-c65,4.0401,-4.4110,41.7035,-46.1145,-15.5969,-0.1782,46,-15.8254
ma-30-90,-15.5585,-5.3187,41.7035,-47.0223,-15.0729,-0.1968,20,-15.9097
momentum-10-t6,-0.3138,-4.5709,41.7035,-46.2744,-16.4561,-0.1887,20,-16.0448
ensemble-20-50-c60,-5.5923,-5.1209,41.7035,-46.8244,-15.7481,-0.2414,16,-16.1599
ensemble-15-45-c70,0.9673,-4.8098,41.7035,-46.5133,-16.4460,-0.2193,16,-16.2582
mean-reversion-40-t8,-10.3532,-5.6210,41.7035,-47.3245,-15.3175,-0.2263,22,-16.4699
mean-reversion-60-t6,-9.2874,-6.2959,41.7035,-47.9994,-15.9042,-0.2602,18,-17.5139
ensemble-5-15-c60,6.6779,-5.4946,41.7035,-47.1982,-16.5537,-0.2130,56,-17.8006
mean-reversion-20-t6,-10.0431,-6.6418,41.7035,-48.3453,-15.4655,-0.3415,22,-17.8175
ensemble-15-45-c60,1.2677,-5.9631,41.7035,-47.6666,-17.2636,-0.2389,20,-18.0622
momentum-60-t3,-10.1913,-5.9914,41.7035,-47.6949,-17.6162,-0.2540,16,-18.2700
momentum-10-t4,0.3651,-6.8155,41.7035,-48.5191,-16.7743,-0.2802,40,-19.0792
mean-reversion-30-t6,-9.5200,-8.0915,41.7035,-49.7950,-16.4871,-0.3632,22,-19.9744
ensemble-5-15-c70,-0.1888,-6.5899,41.7035,-48.2934,-19.2237,-0.2332,34,-20.2316
mean-reversion-60-t4,-13.7431,-9.5197,41.7035,-51.2233,-16.0372,-0.4471,22,-21.2782
ma-5-20,4.7713,-9.2393,41.7035,-50.9428,-15.6298,-0.6060,34,-21.2906
mean-reversion-15-t6,-11.1939,-9.2026,41.7035,-50.9061,-16.3384,-0.4867,26,-21.3159
ensemble-3-10-c65,3.9816,-7.5303,41.7035,-49.2339,-18.4712,-0.2962,60,-21.3290
mean-reversion-30-t4,-6.1077,-8.0125,41.7035,-49.7160,-19.0081,-0.3402,36,-21.7681
momentum-40-t8,-2.0091,-10.6703,41.7035,-52.3739,-15.0844,-0.5167,16,-21.8287
momentum-40-t4,3.0545,-10.7181,41.7035,-52.4216,-15.0375,-0.5246,18,-21.9016
ensemble-8-21-c60,1.7490,-9.3568,41.7035,-51.0603,-16.7706,-0.4697,42,-22.0371
momentum-40-t6,0.3869,-10.9265,41.7035,-52.6300,-15.3279,-0.5040,16,-22.2176
momentum-30-t6,0.1181,-10.2850,41.7035,-51.9885,-16.0636,-0.6077,16,-22.2618
mean-reversion-30-t8,-5.2773,-10.8410,41.7035,-52.5445,-15.3222,-0.5814,18,-22.3232
momentum-30-t3,-1.9587,-10.9425,41.7035,-52.6460,-15.1000,-0.6750,22,-22.5476
mean-reversion-20-t10,-2.8309,-10.8632,41.7035,-52.5667,-15.8643,-0.5671,12,-22.5493
ma-5-15,-3.6233,-10.6328,41.7035,-52.3363,-15.1245,-0.6895,40,-22.6427
mean-reversion-40-t6,-10.4720,-10.4059,41.7035,-52.1094,-16.9579,-0.5002,26,-22.9489
mean-reversion-15-t10,-4.3270,-11.6909,41.7035,-53.3945,-15.0909,-0.6338,10,-22.9677
ensemble-8-21-c70,2.7104,-11.1339,41.7035,-52.8374,-15.4025,-0.6660,30,-23.0776
momentum-30-t4,-3.4371,-11.3683,41.7035,-53.0718,-15.5059,-0.6898,24,-23.3068
ma-8-21,-11.3899,-9.6967,41.7035,-51.4003,-18.9181,-0.5438,26,-23.6011
mean-reversion-30-t10,-8.0336,-11.9325,41.7035,-53.6360,-15.6521,-0.6702,12,-23.6868
ensemble-10-30-c65,-4.2463,-11.7240,41.7035,-53.4276,-15.5839,-0.6578,32,-23.8092
ensemble-10-30-c60,-3.4529,-11.7876,41.7035,-53.4912,-15.3229,-0.7161,32,-23.8197
ma-15-45,-4.2768,-12.5568,41.7035,-54.2603,-15.4258,-0.6752,16,-24.2540
momentum-120-t8,-13.9859,-10.1436,41.7035,-51.8472,-20.1943,-0.4093,12,-24.3286
ma-10-30,-9.0697,-12.4383,41.7035,-54.1418,-15.0229,-1.0261,22,-24.6954
momentum-10-t3,3.4424,-11.6786,41.7035,-53.3821,-17.0676,-0.5452,46,-24.7830
ensemble-8-21-c65,7.7609,-12.0316,41.7035,-53.7351,-16.6284,-0.6947,34,-24.9094
ma-20-50,-15.6366,-13.6333,41.7035,-55.3368,-15.7052,-0.8014,14,-25.7245
ensemble-10-30-c70,-4.0406,-13.2150,41.7035,-54.9185,-16.5996,-0.7653,24,-26.0154
mean-reversion-60-t10,-9.5230,-14.4154,41.7035,-56.1189,-15.2440,-0.8449,16,-26.3338
mean-reversion-90-t10,-13.6965,-13.4879,41.7035,-55.1914,-18.0226,-0.4529,22,-26.5484
mean-reversion-60-t8,-8.8607,-15.5232,41.7035,-57.2268,-16.0110,-0.8505,16,-27.9514
ma-3-10,0.6067,-15.1775,41.7035,-56.8810,-17.1197,-0.7980,58,-29.0613
mean-reversion-40-t10,-3.7673,-16.3290,41.7035,-58.0325,-16.8121,-0.9421,16,-29.4611
mean-reversion-90-t8,-16.0075,-17.3058,41.7035,-59.0094,-17.5491,-0.6754,20,-30.4636
mean-reversion-20-t8,-6.0292,-16.7119,41.7035,-58.4154,-18.7067,-0.8074,16,-30.8060
mean-reversion-90-t4,-15.7216,-16.9788,41.7035,-58.6823,-19.4721,-0.6102,24,-31.3361
mean-reversion-90-t6,-16.3706,-18.1358,41.7035,-59.8393,-18.3766,-0.7161,22,-31.9528
