strategy,folds,positive_folds,avg_test_return_pct,avg_benchmark_return_pct,avg_edge_pct,worst_drawdown_pct,avg_sharpe,total_trades,avg_score
momentum-20-t6,6,3,7.3213,10.7825,-3.4612,-7.8930,0.7353,111,4.6934
momentum-40-t8,6,3,6.0325,10.7825,-4.7500,-8.3886,0.7284,73,3.2228
momentum-40-t6,6,3,6.2662,10.7825,-4.5163,-8.3886,0.6267,82,3.1088
ensemble-5-20-c60,6,3,6.5309,10.7825,-4.2516,-9.7269,0.5483,257,2.6745
mean-reversion-15-t4,6,3,4.3684,10.7825,-6.4141,-8.6521,0.5403,217,1.0613
ensemble-5-20-c65,6,3,5.2085,10.7825,-5.5740,-12.2314,0.4890,230,0.9150
relative-strength-126-150-b60,6,3,2.7615,10.7825,-8.0210,-14.3138,0.4264,168,-0.7978
relative-strength-126-100-b50,6,3,2.1783,10.7825,-8.6042,-13.8009,0.3139,169,-1.6671
relative-strength-126-100-b60,6,3,2.1488,10.7825,-8.6338,-21.8275,0.5076,142,-1.6907
ma-8-21,6,3,1.1736,10.7825,-9.6089,-20.8722,0.2535,136,-3.4615
relative-strength-126-150-b50,6,3,1.1566,10.7825,-9.6259,-15.5972,0.1637,128,-3.5520
momentum-20-t4,6,2,7.1047,10.7825,-3.6779,-8.6835,0.6836,142,4.3852
ensemble-5-20-c70,6,2,7.3603,10.7825,-3.4222,-12.0628,0.6952,151,4.2755
ensemble-8-21-c65,6,2,6.9143,10.7825,-3.8682,-7.8633,0.6322,195,3.9648
momentum-15-t8,6,2,6.2320,10.7825,-4.5505,-9.0322,0.7294,97,3.6180
ma-10-30,6,2,5.3507,10.7825,-5.4318,-7.4788,0.7150,115,3.2605
momentum-40-t4,6,2,6.4989,10.7825,-4.2836,-8.3886,0.5999,99,3.2352
ma-20-50,6,2,5.3645,10.7825,-5.4180,-6.9847,0.6301,57,3.1916
momentum-20-t8,6,2,5.7909,10.7825,-4.9916,-8.1666,0.6508,95,3.0818
ensemble-20-50-c65,6,2,5.5358,10.7825,-5.2467,-7.2158,0.7106,136,2.9186
mean-reversion-40-t10,6,2,4.4285,10.7825,-6.3540,-8.7197,0.5286,90,2.1813
relative-strength-63-100-b60,6,2,4.3457,10.7825,-6.4368,-11.3807,0.7051,162,2.0062
mean-reversion-30-t10,6,2,4.3095,10.7825,-6.4730,-8.6337,0.4675,87,1.7683
ensemble-8-21-c60,6,2,5.4953,10.7825,-5.2872,-8.3952,0.4595,250,1.5872
relative-strength-63-150-b60,6,2,4.4252,10.7825,-6.3573,-13.5938,0.7201,187,1.5749
relative-strength-63-100-b50,6,2,4.0333,10.7825,-6.7492,-13.2411,0.6364,162,1.1325
momentum-40-t3,6,2,5.0076,10.7825,-5.7749,-10.9542,0.4365,109,1.0231
ensemble-5-15-c70,6,2,3.8020,10.7825,-6.9805,-7.8207,0.4273,181,0.2151
relative-strength-63-150-b50,6,2,3.6168,10.7825,-7.1657,-13.5872,0.5717,153,0.0831
mean-reversion-20-t10,6,2,2.9656,10.7825,-7.8169,-9.0714,0.3246,80,-0.0082
relative-strength-189-100-b60,6,2,3.7148,10.7825,-7.0677,-21.3950,0.6743,135,-0.0689
mean-reversion-60-t10,6,2,2.5744,10.7825,-8.2081,-7.6961,0.2704,94,-0.2242
mean-reversion-40-t4,6,2,3.4048,10.7825,-7.3777,-9.8312,0.4041,169,-0.2505
ensemble-5-15-c65,6,2,3.5336,10.7825,-7.2489,-8.1462,0.3844,260,-0.5367
relative-strength-189-150-b50,6,2,3.1828,10.7825,-7.5997,-15.9845,0.4120,110,-0.8906
ensemble-15-45-c70,6,2,3.0921,10.7825,-7.6904,-14.8295,0.4764,106,-0.9443
mean-reversion-40-t8,6,2,2.7862,10.7825,-7.9963,-10.1612,0.3618,117,-0.9788
relative-strength-189-100-b50,6,2,2.9291,10.7825,-7.8534,-21.3089,0.4862,127,-1.6554
ensemble-5-15-c60,6,2,1.5589,10.7825,-9.2236,-10.1883,0.1878,311,-3.5911
ensemble-15-45-c65,6,2,1.4164,10.7825,-9.3661,-19.1191,0.3435,147,-3.6977
momentum-10-t8,6,1,6.1187,10.7825,-4.6639,-13.5326,0.7687,110,2.9095
momentum-20-t3,6,1,5.5208,10.7825,-5.2617,-9.0390,0.5027,166,2.1498
mean-reversion-15-t8,6,1,4.5969,10.7825,-6.1856,-8.8552,0.4566,104,1.7726
mean-reversion-15-t10,6,1,3.7814,10.7825,-7.0012,-8.2882,0.4748,67,1.5125
momentum-90-t8,6,1,4.5353,10.7825,-6.2472,-15.5138,0.5089,54,0.4990
ensemble-10-30-c65,6,1,4.3009,10.7825,-6.4816,-12.1437,0.5567,202,0.3868
momentum-90-t6,6,1,4.2482,10.7825,-6.5344,-15.8649,0.4770,50,0.2347
ensemble-20-50-c70,6,1,3.7285,10.7825,-7.0540,-14.1160,0.5491,112,0.0243
mean-reversion-90-t4,6,1,3.0908,10.7825,-7.6917,-9.4323,0.4454,142,-0.0561
ensemble-10-30-c60,6,1,3.8844,10.7825,-6.8981,-12.0016,0.5188,225,-0.1588
ensemble-8-21-c70,6,1,4.1400,10.7825,-6.6425,-14.3481,0.4104,156,-0.2595
momentum-60-t3,6,1,3.7996,10.7825,-6.9829,-21.7067,0.5921,73,-0.2729
mean-reversion-30-t8,6,1,3.2348,10.7825,-7.5477,-10.1297,0.4062,117,-0.2845
ensemble-20-50-c60,6,1,3.2375,10.7825,-7.5450,-11.8455,0.4341,164,-0.6489
momentum-30-t4,6,1,3.4453,10.7825,-7.3372,-12.0225,0.4010,137,-0.8641
relative-strength-189-150-b60,6,1,3.2189,10.7825,-7.5637,-14.5182,0.4027,158,-0.9707
momentum-15-t6,6,1,3.1998,10.7825,-7.5827,-15.8921,0.3785,130,-0.9774
mean-reversion-20-t8,6,1,2.6288,10.7825,-8.1537,-8.8334,0.2852,108,-1.0061
mean-reversion-20-t4,6,1,3.0915,10.7825,-7.6910,-12.7070,0.4819,201,-1.1613
mean-reversion-90-t6,6,1,2.6164,10.7825,-8.1661,-12.0999,0.3182,107,-1.2612
ma-15-45,6,1,2.1439,10.7825,-8.6386,-13.2048,0.3774,72,-1.2937
ensemble-10-30-c70,6,1,2.9948,10.7825,-7.7877,-13.3299,0.4110,146,-1.3288
momentum-60-t8,6,1,2.6489,10.7825,-8.1336,-21.7067,0.5169,56,-1.3765
momentum-60-t6,6,1,2.8167,10.7825,-7.9658,-21.7067,0.5251,65,-1.4401
momentum-60-t4,6,1,2.6690,10.7825,-8.1135,-21.7067,0.4723,68,-1.5755
ma-30-90,6,1,2.0834,10.7825,-8.6991,-7.5074,-0.1692,44,-1.5874
momentum-120-t6,6,1,2.6107,10.7825,-8.1718,-16.7558,0.3210,61,-1.6120
mean-reversion-90-t8,6,1,2.1368,10.7825,-8.6457,-10.2799,0.2415,101,-1.7084
momentum-30-t8,6,1,2.4724,10.7825,-8.3101,-15.1356,0.2810,88,-1.7661
momentum-10-t3,6,1,2.6038,10.7825,-8.1787,-16.1605,0.5105,223,-1.8915
momentum-30-t3,6,1,2.6767,10.7825,-8.1058,-13.6226,0.3551,146,-2.0653
ma-5-20,6,1,2.4972,10.7825,-8.2853,-13.2057,0.3996,194,-2.1772
momentum-10-t4,6,1,2.4704,10.7825,-8.3121,-14.3691,0.4450,198,-2.2051
momentum-90-t3,6,1,2.5925,10.7825,-8.1900,-15.8649,0.3225,74,-2.2499
momentum-15-t3,6,1,2.3309,10.7825,-8.4516,-8.9186,0.1564,188,-2.2965
mean-reversion-60-t4,6,1,1.7556,10.7825,-9.0269,-10.2145,0.1977,144,-2.3318
mean-reversion-60-t6,6,1,1.8870,10.7825,-8.8955,-13.5650,0.2420,121,-2.3486
momentum-15-t4,6,1,2.2439,10.7825,-8.5386,-16.2324,0.3124,171,-2.3786
momentum-120-t4,6,1,1.9185,10.7825,-8.8640,-16.7558,0.2988,66,-2.3800
momentum-120-t3,6,1,1.8324,10.7825,-8.9501,-16.7558,0.2846,66,-2.5356
momentum-10-t6,6,1,2.2414,10.7825,-8.5411,-12.8387,0.3165,154,-2.5779
mean-reversion-60-t8,6,1,1.1702,10.7825,-9.6123,-10.7240,0.1993,110,-2.7029
momentum-30-t6,6,1,2.0827,10.7825,-8.6999,-15.1791,0.2789,110,-2.8368
mean-reversion-90-t10,6,1,1.2838,10.7825,-9.4987,-13.0424,0.2058,95,-2.9680
mean-reversion-30-t4,6,1,1.8177,10.7825,-8.9648,-11.8197,0.2019,180,-3.0400
mean-reversion-40-t6,6,1,1.0841,10.7825,-9.6985,-10.2985,0.1201,121,-3.2009
ensemble-15-45-c60,6,1,1.9671,10.7825,-8.8154,-18.7645,0.3303,157,-3.3357
ensemble-3-10-c65,6,1,1.5399,10.7825,-9.2426,-12.3496,0.2201,371,-3.6300
mean-reversion-15-t6,6,1,0.8266,10.7825,-9.9560,-13.9734,0.0886,138,-3.9200
momentum-120-t8,6,1,0.4435,10.7825,-10.3390,-16.7558,0.1434,54,-4.2447
mean-reversion-20-t6,6,1,0.5094,10.7825,-10.2731,-10.6792,0.0302,129,-4.2891
ma-3-10,6,1,0.2648,10.7825,-10.5177,-15.2449,0.1340,363,-5.7850
ensemble-3-10-c60,6,1,-0.0808,10.7825,-10.8633,-12.5958,-0.0056,462,-6.2379
ma-5-15,6,0,2.3414,10.7825,-8.4411,-16.8226,0.4447,232,-1.7173
momentum-90-t4,6,0,2.4471,10.7825,-8.3354,-15.8649,0.2815,70,-2.4081
ensemble-30-90-c60,6,0,2.6273,10.7825,-8.1553,-16.0472,0.3024,112,-2.4212
ensemble-3-10-c70,6,0,2.3689,10.7825,-8.4136,-15.5976,0.4509,235,-2.6082
ensemble-30-90-c65,6,0,2.4601,10.7825,-8.3224,-16.0472,0.2533,92,-2.6667
ensemble-30-90-c70,6,0,2.1509,10.7825,-8.6316,-16.0472,0.2181,86,-3.3189
mean-reversion-30-t6,6,0,0.9260,10.7825,-9.8565,-10.2142,0.1131,137,-3.8511
